URL,Page Title,Search Term,Match Count,Snippets
https://wholesalehealthclub.com/create-membership,Wholesale Health Club,gummies,1,Up Standard PLUS Supplements Skin Care Gummies 1 Referral = 1 Month FREE Buy 5 Bottles
https://wholesalehealthclub.com/contact-us,Wholesale Health Club,gummies,1,HOP MEMBERSHIP PLANS MY ACCOUNT LOGIN 0 Gummies Skincare Supplements Contact Us Login D
https://wholesalehealthclub.com/shop/supplements,Wholesale Health Club,gummies,1,Club Brands and Products Product Types Gummies Skincare Supplements Discount Brands Bl
https://wholesalehealthclub.com/shop/gummies,Wholesale Health Club,gummies,2,Club Brands and Products Product Types Gummies Skincare Supplements Discount Brands Bl | The Complete Life Tru Body Supplements Gummies Tru Body Supplements Add To Cart The Co
https://wholesalehealthclub.com/shop/skincare,Wholesale Health Club,gummies,1,Club Brands and Products Product Types Gummies Skincare Supplements Discount Brands Bl
https://wholesalehealthclub.com/discount,Wholesale Health Club,gummies,7,"ss To Member Site Supplements Skin Care Gummies Buy Now SILVER $10 .00 per month Sign U | ign Up Basic PLUS Supplements Skin Care Gummies 1 Referral = 1 Month FREE BONUS eBooks | Up Standard PLUS Supplements Skin Care Gummies 1 Referral = 1 Month FREE Buy 5 Bottles | n Up Premium PLUS Supplements Skin Care Gummies 1 Referral = 1 Month FREE Buy 5 Bottles | ottles, Get 2 FREE 5 Month Trubody Keto Gummies Pack $39.00 each Retail Price: $327.45"
https://wholesalehealthclub.com/shop/blue-forrest-beauty,Wholesale Health Club,gummies,1,Club Brands and Products Product Types Gummies Skincare Supplements Discount Brands Bl
https://wholesalehealthclub.com/shop/emma-bean-skin-care,Wholesale Health Club,gummies,1,Club Brands and Products Product Types Gummies Skincare Supplements Discount Brands Bl
https://wholesalehealthclub.com/shop/the-complete-life,Wholesale Health Club,gummies,2,Club Brands and Products Product Types Gummies Skincare Supplements Discount Brands Bl | o Cart Add To Cart Skincare Add To Cart Gummies Add To Cart These statements have not b
https://wholesalehealthclub.com/shop/total-life-nutrition,Wholesale Health Club,gummies,2,Club Brands and Products Product Types Gummies Skincare Supplements Discount Brands Bl | nts Add To Cart Add To Cart Add To Cart Gummies Add To Cart Add To Cart These statement
https://wholesalehealthclub.com/shop/sapphire-natural,Wholesale Health Club,gummies,2,Club Brands and Products Product Types Gummies Skincare Supplements Discount Brands Bl | o Cart Add To Cart Skincare Add To Cart Gummies Add To Cart Add To Cart Add To Cart The
https://wholesalehealthclub.com/shop/healthy-living-products,Wholesale Health Club,gummies,2,Club Brands and Products Product Types Gummies Skincare Supplements Discount Brands Bl | ody Supplements Healthy living products Gummies Add To Cart Add To Cart Supplements Add
https://wholesalehealthclub.com/shop/tru-body-supplements,Wholesale Health Club,gummies,2,Club Brands and Products Product Types Gummies Skincare Supplements Discount Brands Bl | u Body Supplements Tru body supplements Gummies Add To Cart Supplements Add To Cart The
https://wholesalehealthclub.com/product/TL-melatonin-gummies,Wholesale Health Club,gummies,13,"ous Next Total Life Nutrition Melatonin Gummies: Total Life Nutrition's Melatonin Gummi | mmies: Total Life Nutrition's Melatonin Gummies Blackberry Flavor can help with your sl | ep faster and stay asleep longer? These gummies are made with high-quality ingredients, | m, and Citric Acid. Try these delicious gummies and get a good night's sleep! 1 Bottle | d get a good night's sleep! 1 Bottle 30 Gummies 6 mg Per Gummy Add to Cart $25 Details"
https://wholesalehealthclub.com/product/HL-z-complete-sleep-gummies,Wholesale Health Club,gummies,10,"althy Living Product’s Z-complete Sleep Gummies: Are you tired of counting sheep? Try Z | of counting sheep? Try Z-Complete Sleep Gummies with melatonin, a hormone that helps re | can not get to sleep, Z-Complete Sleep Gummies can quickly, effectively, and permanent | ) get a good night’s sleep. 1 Bottle 30 Gummies 3 mg Per Gummy Add to Cart $25 Details | of being, well, tired? Z-Complete Sleep Gummies can help! These melatonin-packed gummie"
https://wholesalehealthclub.com/product/TCL-PurKeto-ACV-gummies,Wholesale Health Club,gummies,10,"us Next The Complete Life’s Purketo Acv Gummies: The Complete Life's PurKeto ACV Gummie | ummies: The Complete Life's PurKeto ACV Gummies are a tasty way to support your keto di | ty way to support your keto diet. These gummies are made with apple cider vinegar and o | our cravings. Additionally, PurKeto ACV Gummies improve digestion, making it easier to | day and enjoy the benefits! 1 Bottle 30 Gummies 250 mg Per Gummy Add to Cart $25 Detail"
https://wholesalehealthclub.com/product/SN-sleep-support-gummies,Wholesale Health Club,gummies,12,"ous Next Sapphire Natural Sleep Support Gummies: Sapphire Natural's Sleep Support Gummi | mmies: Sapphire Natural's Sleep Support Gummies help improve your sleep quality. It's a | c diseases. Infused with melatonin, the gummies are a convenient way to get the needed | t the needed sleep support. 1 Bottle 30 Gummies 3 mg Per Gummy Add to Cart $25 Details | sleep? Sapphire Natural's Sleep Support Gummies are here to help improve your sleep qua"
https://wholesalehealthclub.com/product/SN-keto-gummies,Wholesale Health Club,gummies,13,"ous Next Sapphire Natural Super Ketosis Gummies: Sapphire Natural's Super Ketosis Gummi | mmies: Sapphire Natural's Super Ketosis Gummies will energize you on your keto diet. Th | l energize you on your keto diet. These gummies support digestion, gut health, and appe | ay and feel the difference! 1 Bottle 30 Gummies 250 mg Per Gummy Add to Cart $25 Detail | eviews Sapphire Natural's Super Ketosis Gummies - the perfect addition to your keto lif"
https://wholesalehealthclub.com/product/AD-male-enhancement-gummies,Wholesale Health Club,gummies,11,"vious Next Alpha Drive Male Enhancement Gummies: 1 Review Unlock your full potential wi | ntial with Alpha Drive Male Enhancement Gummies – the delicious and effective way to bo | lpha Drive has you covered. 1 Bottle 30 Gummies 4.5g Per Gummy Add to Cart $25 Details | dence with Alpha Drive Male Enhancement Gummies. Specially formulated with a potent ble | ent blend of natural ingredients, these gummies are designed to support male health and"
https://wholesalehealthclub.com/product/TB-go-ACV-keto-gummies,Wholesale Health Club,gummies,13,Next Trubody Supplements Go Acv + Keto Gummies: Tru Body Supplements' Go ACV + Keto Gu | es: Tru Body Supplements' Go ACV + Keto Gummies offer a convenient and delicious way to | sugar levels and aids digestion? These gummies are packed with essential nutrients and | he difference for yourself! 1 Bottle 30 Gummies 250 mg Per Gummy Add to Cart $25 Detail | Ingredients Usage Reviews GO ACV + Keto Gummies Product Details: Tru Body Supplements'
https://wholesalehealthclub.com/product/HL-ketosis-ACV-gummies,Wholesale Health Club,gummies,9,"Healthy Living Product’s Ketosis + Acv Gummies: Ketosis + ACV Gummies offer an easy an | ’s Ketosis + Acv Gummies: Ketosis + ACV Gummies offer an easy and delicious way to supp | us way to support your keto diet. These gummies, perfect for busy professionals, regula | he difference for yourself! 1 Bottle 30 Gummies 250 mg Per Gummy Add to Cart $25 Detail | Ingredients Usage Reviews Ketosis + ACV Gummies are the perfect addition to your keto d"
https://wholesalehealthclub.com/product/TL-ACV-ketosis-gummies,Wholesale Health Club,gummies,11,s Next Total Life Nutrition Acv Ketosis Gummies: Looking for a simple and delicious way | o diet? Total Life Nutrition's ACV Keto Gummies can help. These gummies contain Apple C | tion's ACV Keto Gummies can help. These gummies contain Apple Cider Vinegar. This ingre | d powerful health benefits. 1 Bottle 30 Gummies 250 mg Per Gummy Add to Cart $25 Detail | ontrol. Total Life Nutrition's ACV Keto Gummies help support your body in achieving opt
